,AP,BLESS,Battig,ESSLI_1a,ESSLI_2b,ESSLI_2c,MEN,MTurk,RG65,RW,SimLex999,WS353,WS353R,WS353S,Google,MSR,SemEval2012_2
0,0.14676616915422885,0.19,0.08334926400305868,0.4318181818181818,0.45,0.37777777777777777,0.018559629558266844,0.0016802814870428037,0.06678771802667231,-0.05776365433203999,0.0422820015188892,-0.021074109189827262,-0.04899387971096298,-0.03382139784792079,5.116659844453541e-05,0.0,0.0070186549117398625
